{"16": {"time_solve": 0.6764710664749145, "time_eval_GT": 0.03130102872848511, "lr2_errors_u": 0.5156690294550169, "lr2_errors_v": 118.90004859526347, "lr2_errors_h": 0.197408327689024}, "32": {"time_solve": 1.5754004001617432, "time_eval_GT": 0.027955775260925294, "lr2_errors_u": 0.5328810309892013, "lr2_errors_v": 121.94315023069545, "lr2_errors_h": 0.20471145006128755}, "40": {"time_solve": 2.3170081615447997, "time_eval_GT": 0.028165242671966552, "lr2_errors_u": 0.5451368190988986, "lr2_errors_v": 121.34961199072515, "lr2_errors_h": 0.20458828103226223}, "64": {"time_solve": 5.5655601024627686, "time_eval_GT": 0.03946844100952149, "lr2_errors_u": 0.5436575553433799, "lr2_errors_v": 122.1622382989523, "lr2_errors_h": 0.21129854644071563}, "128": {"time_solve": 29.966767740249633, "time_eval_GT": 0.034470789432525635, "lr2_errors_u": 0.5570946583318566, "lr2_errors_v": 120.64061897686378, "lr2_errors_h": 0.19769263380405636}}